,ID_Name,Topics,Answer_Key
0,A2090000,1,D
1,A2090001,5,C
2,A2090002,8,A
3,A2090003,0,C
4,A2090003,4,D
5,A2090005,7,D
6,A2090006,1,C
7,A2090007,8,A
8,A2090008,4,A
9,A2090009,0,D
10,A2090010,8,D
11,A2090011,9,D
12,A2090012,9,B
13,A2090013,6,A
14,A3090014,9,C
15,A3090015,9,D
16,A3090016,8,B
17,A3090017,6,D
18,A3090018,4,C
19,A3090019,1,B
20,A3090020,1,A
21,A3090021,0,A
22,A3090022,6,B
23,A3090023,8,B
24,A3090024,9,B
25,A3090025,9,A
26,A3090026,7,B
27,A3090027,7,B
28,A3090028,0,A
29,A3090029,8,D
30,A3090030,7,D
31,A3090031,7,D
32,A3090032,8,A
33,B1090033,0,B
34,B1090034,8,B
35,B1090035,3,A
36,B1090036,8,C
37,B1090037,8,A
38,B1090038,7,B
39,B1090039,8,C
40,B1090040,3,B
41,B1090041,8,C
42,B1090042,4,A
43,B1090043,8,A
44,B1090044,0,D
45,B1090045,2,A
46,B1090046,9,B
47,B1900047,0,D
48,B1090048,4,A
49,B1090049,2,C
50,B1090050,4,C
51,B1090051,4,A
52,B1090052,0,B
53,B1090053,7,B
54,B1090054,9,C
55,B1090055,1,A
56,B1090056,8,A
57,B1090057,0,D
58,B1090058,6,D
59,B1090059,3,B
60,B1090060,4,C
61,B1090061,8,C
62,B1090062,5,D
63,B1090063,0,C
64,B1090064,4,B
65,B1090065,4,B
66,B1090066,0,B
67,B1090067,8,A
68,B1090068,4,C
69,B1090069,9,C
70,B1090070,0,C
71,B1090071,4,C
72,B1090072,8,D
73,B2090073,9,D
74,B2090074,0,D
75,B2090075,7,B
76,B2090076,9,C
77,B2090077,8,C
78,B2090078,8,D
79,B2090079,4,C
80,B2090080,4,C
81,B2090081,6,D
82,B2090082,8,D
83,B2090083,8,B
84,B2090084,4,D
85,B2090085,4,B
86,B2090086,6,B
87,B2090087,7,D
88,B2090088,7,D
89,B2090089,1,B
90,B2090090,9,D
91,B2090091,0,A
92,B2090092,9,D
93,B2090093,9,A
94,B2090094,9,B
95,B2090095,4,A
96,B2090096,5,B
97,B2090097,0,C
98,B2090098,7,B
99,B2090099,8,A
100,A2090100,7,A
101,B2090101,3,B
102,B2090102,8,A
103,A1090103,1,D
104,A1090104,0,A
105,A2090105,7,A
106,B3090106,4,A
107,B3090107,0,B
108,B1090108,8,D
109,B1090109,4,C
110,A1090110,9,D
111,A2090111,8,A
112,A1090112,0,D
113,A2090113,9,D
114,A1090114,2,A
115,B1090115,0,B
116,A1090116,6,C
117,A2090117,8,B
118,A2090118,7,B
119,B1090119,6,D
120,A2090120,6,D
121,A1090121,0,A
122,A2090122,9,D
123,A2090123,1,A
124,A1090124,5,B
125,A1090125,0,C
126,A2090126,0,B
127,A3090127,5,A
128,A3090128,3,A
129,A3090129,8,B
130,A2090130,2,A
131,B2090131,5,A
132,B3090132,8,B
133,B3090133,6,D
134,B2090134,2,B
135,B1090135,0,A
136,A3090136,0,D
137,B5090137,6,C
138,A3090138,3,A
139,B4090139,3,D
140,B5090140,0,C
141,B3090141,0,D
142,B1090142,0,C
143,B2090143,9,C
144,B3090144,6,C
145,B3090145,5,C
146,B4090146,6,D
147,B3090147,4,D
148,B4090148,8,B
149,B2090149,0,D
150,B3090150,9,C
151,B1090151,7,D
152,A2090152,1,D
153,B2090153,9,C
154,B2090154,8,C
155,A2090155,1,C
156,A1090156,9,D
157,A1090157,0,B
158,B1090158,8,C
159,B3090159,8,C
160,A1090160,6,A
161,A2090161,5,C
162,A2090162,3,C
163,B1090163,0,A
164,A2090164,3,A
165,A3090165,8,C
166,B1090166,7,D
167,B1090167,5,B
168,B1090168,5,D
169,B3090169,2,D
170,B1090170,0,B
171,B1090171,5,C
172,B2090172,7,D
173,B2090173,5,A
174,B3090174,5,B
175,B3090175,8,B
176,B2090176,7,C
177,B1090177,0,D
178,B5090178,9,A
179,B3090179,6,C
180,B3090180,6,C
181,B4090181,8,B
182,B3090182,8,D
183,B5090183,2,D
184,A2090184,8,A
185,A3090185,6,B
186,A1090186,8,C
187,A2090187,7,B
188,A2090188,4,D
189,B1090189,9,D
190,B3090190,6,C
191,A2090191,4,C
192,B1090192,8,A
193,A2090193,8,C
194,A2090194,8,B
195,A2090195,4,B
196,B2090196,8,D
197,A2090197,3,C
198,A2090198,8,D
199,A2090199,8,A
200,B4090200,5,B
201,B5090201,5,D
202,B5090202,5,B
203,A3090203,9,D
204,B1090204,6,D
205,B2090205,9,C
206,B2090206,4,D
207,B3090207,5,C
208,B4090208,3,A
209,B5090209,3,A
210,A1090210,9,D
211,A1090211,5,A
212,A1090212,0,B
213,A2090213,1,B
214,A3090214,2,C
215,B2090215,5,B
216,B3090216,0,B
217,B1090217,8,C
218,B2090218,5,C
219,B2090219,9,C
220,A1090220,0,D
221,A2090221,7,B
222,A1090222,6,C
223,B3090223,0,B
224,B2090224,0,C
225,B3090225,0,D
226,B3090226,0,D
227,A1090227,5,B
228,B4090228,5,C
229,B5090229,3,C
230,A1090230,3,D
231,A2090231,4,C
232,A2090232,8,C
233,A2090233,5,A
234,A1090234,6,A
235,A1090235,8,B
236,A1090236,0,D
237,A2090237,8,C
238,A2090238,8,C
239,A2090239,9,B
240,A1090240,9,A
241,A2090241,9,D
242,A1090242,1,D
243,A2090243,7,B
244,A1090244,9,B
245,A1090245,0,D
246,B1090246,7,C
247,B1090247,5,B
248,A2090248,4,D
249,B3090249,6,B
250,B2090250,3,A
251,B2090251,6,D
252,A1090252,5,A
253,A1090253,5,D
254,B3090254,6,C
255,B1090255,3,D
256,B2090256,5,D
257,B2090257,7,C
258,A1090258,9,A
259,A1090259,4,A
260,A2090260,0,C
261,B3090261,8,B
262,A1090262,9,A
263,A1090263,9,C
264,B2090264,0,B
265,B5090265,2,D
266,B1090266,6,D
267,A2090267,9,A
268,B2090268,8,B
269,A2090269,8,B
270,A1090270,3,C
271,A1090271,9,D
272,A1090272,6,B
273,A1090273,1,B
274,B4090274,3,C
275,B1090275,3,A
276,B2090276,5,C
277,B2090277,3,C
278,B3090278,5,C
279,B4090279,0,D
280,A3090280,9,A
281,A1090281,8,A
282,A2090282,8,D
283,B4090283,5,C
284,B2090284,0,B
285,A1090285,8,B
286,B5090286,5,B
287,B4090287,2,C
288,B1090288,8,A
289,A3090289,7,B
290,B4090290,5,D
291,A2090291,0,C
292,B2090292,0,C
293,B5090293,5,B
294,B1090294,9,A
295,A3090295,3,C
296,B5090296,3,A
297,B5090297,5,B
298,B2090298,4,C
299,B3090299,0,D
300,A1090300,0,D
301,A1090301,8,C
302,A2090302,7,D
303,A2090303,8,C
304,A3090304,9,D
305,A3090305,1,D
306,B1090306,8,A
307,A2090307,6,B
308,A1090308,8,A
309,B2090909,1,C
310,B3090310,5,D
311,B2090311,4,C
312,B1090312,8,C
313,B1090313,7,B
314,B3090314,4,D
315,B3090315,8,A
316,B2090316,8,C
317,A3090317,8,D
318,A1090318,9,D
319,A3090319,9,A
320,B1090320,0,C
321,B1090321,7,C
322,B2090322,0,C
323,A1090323,9,B
324,B3090324,0,B
325,B3090325,6,A
326,B1090326,3,D
327,B4090327,3,D
328,B5090328,2,B
329,B3090329,8,B
330,B5090330,5,B
331,B1090331,5,D
332,A2090332,0,D
333,A1090333,9,C
334,A2090334,5,C
335,A2090335,9,C
336,B1090336,9,D
337,B2090337,5,A
338,B2090338,1,C
339,B2090339,9,B
340,A1090340,9,C
341,A1090341,9,A
342,A2090342,0,B
343,A2090343,0,D
344,B3090344,7,C
345,A1090345,0,B
346,A1090346,0,C
347,A1090347,0,B
348,B3090348,0,B
349,A2090349,0,B
350,A1090350,8,B
351,A1090351,5,D
352,A3090352,9,C
353,A3090353,7,A
354,B2090354,8,D
355,B2090355,0,C
356,B3090356,0,B
357,B3090357,0,C
358,B5090358,0,D
359,B3090359,8,A
360,B2090360,0,B
361,A3090361,7,C
362,A2090362,7,D
363,A1090363,0,B
364,A1090364,9,C
365,A1090365,7,C
366,B3090366,8,C
367,B4090367,6,D
368,B1090368,6,A
369,A2090369,7,C
370,B2090370,2,A
371,A1090371,9,D
372,B1090372,7,C
373,A3090373,8,A
374,B2090374,8,B
375,B3090375,8,B
376,A2090376,3,A
377,A3090377,8,D
378,A2090378,7,B
379,B1090379,6,A
380,A1090380,5,D
381,A1090381,4,C
382,B1090382,5,B
383,A1090383,0,B
384,B1090384,6,B
385,B5090385,0,A
386,A2090386,7,B
387,B4090387,5,C
388,B4090388,3,B
389,B5090389,2,C
390,A1090390,7,A
391,A2090391,0,C
392,B2090392,4,C
393,B4090393,5,A
394,B4090394,5,A
395,B2090395,3,C
396,B5090396,3,C
397,B4090397,5,A
398,A2090398,5,A
399,A2090399,2,A
400,B2090400,4,D
401,B5090401,5,C
402,A3090402,8,C
403,A3090403,8,C
404,A3090404,5,B
405,B4090405,5,C
406,B3090406,8,C
407,B2090407,3,C
408,B3090408,5,D
409,A3090409,9,C
410,A2090410,8,B
411,A1090411,3,D
412,A1090412,4,D
413,A1090413,4,A
414,A1090414,0,C
415,A1090415,0,C
416,A2090416,8,C
417,A1090417,5,C
418,B1090418,3,C
419,B1090419,5,C
420,A1090420,4,C
421,A1090421,8,A
422,A1090422,9,A
423,A1090423,3,D
424,A1090424,7,A
425,A2090425,8,D
426,A1090426,3,B
427,A1090427,3,B
428,A2090428,9,C
429,A1090429,8,B
430,A2090430,0,A
431,B4090431,3,A
432,A2090432,0,C
433,B3090433,5,D
434,A2090434,5,C
435,A2090435,6,A
436,A2090436,5,A
437,A2090437,7,B
438,B3090438,7,D
439,A2090439,0,D
440,B1090440,0,B
441,A2090441,3,A
442,B1090442,0,B
443,B1090443,9,C
444,B1090444,5,B
445,B1090445,0,B
446,B2090446,0,C
447,B1090447,5,B
448,B2090448,5,B
449,B3090449,3,A
450,B2090450,9,D
451,B1090451,7,C
452,A1090452,0,A
453,B2090453,2,C
454,B1090454,3,B
455,A1090455,0,B
456,B1090456,4,B
457,A2090457,5,A
458,A2090458,8,D
459,A2090459,8,B
460,A1090460,3,C
461,A1090461,3,A
462,A3090462,3,D
463,A2090463,3,A
464,B2090464,5,D
465,B2090465,7,D
466,B2090466,9,A
467,B2090467,5,A
468,B3090468,5,A
469,B3090469,5,A
470,B1090470,8,A
471,B1090471,9,C
472,B1090472,5,B
473,B4090473,3,D
474,B2090474,5,A
475,B3090475,5,A
476,B2090476,4,D
477,B2090477,6,D
478,B1090478,0,D
479,B5090479,5,A
480,A2090480,9,A
481,A3090481,1,A
482,B1090482,9,B
483,B1090483,9,D
484,B4090484,5,D
485,B4090485,8,A
486,B4090486,7,B
487,B3090487,5,B
488,B5090488,5,C
489,A2090489,3,D
490,A1090490,9,A
491,A2090491,9,D
492,A1090492,9,D
493,B1090493,0,D
494,A2090494,8,B
495,B2090495,9,A
496,B2090496,3,C
497,B3090497,0,D
498,B1090498,5,A
499,B1090499,8,B
500,A1090500,9,A
501,A3090501,5,D
502,A3090502,2,A
503,A3090503,1,B
504,A1090504,5,B
505,A2090505,4,A
506,A1090506,0,A
507,A2090507,7,B
508,A1090508,5,B
509,A2090509,2,A
510,A2090510,7,C
511,A2090511,9,D
512,A3090512,5,B
513,B1090513,5,B
514,A2090514,0,B
515,A2090515,0,D
516,A2090516,0,C
517,A2090517,9,A
518,B1090518,5,D
519,A2090519,0,A
520,A2090520,0,B
521,A2090521,0,A
522,B3090522,5,D
523,B3090523,5,C
524,B3090524,9,D
525,B3090525,9,B
526,B5090526,3,B
527,B4090527,3,C
528,B3090528,5,B
529,B3090529,6,D
530,A1090530,3,A
531,A1090531,4,D
532,A1090532,9,C
533,A1090533,8,B
534,A1090534,9,A
535,A2090535,3,B
536,A1090536,9,A
537,A1090537,8,A
538,A1090538,8,A
539,A1090539,6,B
540,A1090540,3,A
541,A3090541,9,B
542,A2090542,7,C
543,B1090543,0,D
544,B3090544,5,C
545,B1090545,0,B
546,B5090546,5,B
547,B5090547,3,A
548,B2090548,5,D
549,B2090549,6,A
550,A2090550,8,A
551,A1090551,9,C
552,B2090552,9,B
553,A2090553,7,D
554,B2090554,5,A
555,B2090555,6,D
556,A2090556,9,B
557,A2090557,9,B
558,A1090558,3,D
559,B3090559,5,D
560,B3090560,5,D
561,A2090561,9,C
562,B3090562,6,B
563,A1090563,9,C
564,B1090564,8,D
565,A1090565,3,C
566,B3090566,5,C
567,B3090567,0,C
568,B4090568,5,A
569,B5090569,5,B
570,A2090570,2,C
571,A1090571,9,A
572,A1090572,0,C
573,A2090573,7,D
574,A2090574,7,A
575,A2090575,7,C
576,B1090576,5,B
577,B1090577,0,B
578,B3090578,7,D
579,B2090579,9,D
580,B2090580,5,B
581,B2090581,9,D
582,B3090582,5,D
583,B3090583,5,B
584,B3090584,5,B
585,B5090585,5,B
586,B4090586,3,B
587,B4090587,5,D
588,B5090588,5,D
589,B5090589,2,C
590,B5090590,3,C
591,B2090591,8,B
592,B5090592,3,A
593,B4090593,9,D
594,B4090594,0,D
595,B2090595,9,B
596,B4090596,5,D
597,B3090597,5,B
598,B2090598,8,D
599,B5090599,5,A
600,A1090600,5,B
601,A1090601,8,A
602,A2090602,9,D
603,A2090603,9,A
604,A3090604,9,B
605,B1090605,1,B
606,B2090606,5,A
607,B3090607,7,D
608,B4090608,5,C
609,B5090609,9,A
610,A2090610,9,A
611,B2090611,5,B
612,B3090612,0,D
613,B1090613,2,C
614,B4090614,5,C
615,B1090615,5,A
616,A1090616,9,D
617,A2090617,2,B
618,A3090618,9,C
619,B2090619,0,B
620,A2090620,8,B
621,A1090621,0,D
622,A2090622,0,B
623,A2090623,0,C
624,A3090624,9,D
625,B1090625,9,B
626,B2090626,5,D
627,B4090627,9,B
628,B4090628,3,D
629,B5090629,3,C
630,A1090630,0,D
631,A1090631,9,B
632,A3090632,1,B
633,A3090633,2,A
634,A1090634,9,B
635,B1090635,9,D
636,B1090636,2,A
637,B3090637,5,B
638,B2090638,9,B
639,A2090639,0,A
640,A1090640,0,B
641,B2090641,5,D
642,B5090642,5,C
643,B3090643,5,C
644,B3090644,6,D
645,B1090645,9,D
646,B2090646,3,C
647,B2090647,8,A
648,B1090648,6,A
649,B3090649,3,A
650,A1090650,0,C
651,A2090651,0,C
652,A1090652,5,A
653,A2090653,0,C
654,A2090654,9,C
655,A2090655,0,B
656,A3090656,9,C
657,B2090657,6,D
658,B2090658,9,C
659,B3090659,5,C
660,B1090660,9,B
661,B2090661,5,D
662,B2090662,0,D
663,B1090663,0,D
664,B2090664,5,A
665,B2090665,0,D
666,B4090666,3,B
667,B3090667,0,D
668,B4090668,5,C
669,B5090669,8,D
670,A1090670,9,C
671,A1090671,9,B
672,A1090672,7,A
673,B2090673,8,D
674,A2090674,5,D
675,A1090675,2,C
676,B1090676,5,B
677,B1090677,6,D
678,B3090678,0,A
679,B4090679,5,C
680,A1090680,0,B
681,A1090681,0,C
682,A2090682,9,A
683,A2090683,9,A
684,B1090684,8,B
685,B1090685,5,B
686,B2090686,8,D
687,B2090687,3,C
688,B3090688,5,A
689,B4090689,9,C
690,A1090690,6,A
691,A1090691,0,C
692,A1090692,0,D
693,A1090693,2,C
694,A1090694,7,B
695,A2090695,2,C
696,A2090696,5,B
697,B3090697,5,B
698,B5090698,5,C
699,A3090699,5,A
700,A1090700,7,D
701,A1090701,7,C
702,A3090702,8,A
703,A3090703,3,A
704,B5090704,3,D
705,B5090705,3,B
706,B1090706,6,A
707,B2090707,5,D
708,B3090708,6,B
709,B3090709,2,C
710,B3090710,3,D
711,B5090711,3,A
712,B3090712,9,B
713,A2090713,0,D
714,A1090714,0,B
715,B5090715,2,C
716,B4090716,3,B
717,A2090717,9,B
718,B3090718,9,B
719,B1090719,6,A
720,A2090720,0,B
721,A1090721,0,C
722,A3090722,9,B
723,A3090723,7,D
724,B1090724,3,B
725,B1090725,8,C
726,B1090726,5,A
727,B2090727,0,D
728,B4090728,5,B
729,B4090729,5,D
730,B1090730,9,D
731,A3090731,9,C
732,A3090732,1,C
733,B1090733,4,D
734,A1090734,0,A
735,A1090735,8,C
736,A1090736,3,A
737,A1090737,9,D
738,A2090738,9,D
739,A2090739,9,B
740,A1090740,5,C
741,A1090741,2,D
742,A1090742,0,B
743,A1090743,1,D
744,A2090744,3,A
745,A3090745,9,B
746,B1090746,3,C
747,B1090747,5,C
748,B2090748,0,A
749,B1090749,5,C
750,A1090750,2,B
751,A2090751,2,D
752,A1090752,7,B
753,A1090753,7,D
754,A1090754,7,C
755,B1090755,3,A
756,A2090756,3,B
757,B1090757,6,C
758,A1090758,3,C
759,B2090759,0,B
760,A1090760,0,A
761,A1090761,9,B
762,A2090762,0,B
763,B5090763,5,A
764,A1090764,9,D
765,A1090765,0,C
766,A2090766,8,D
767,A1090767,7,A
768,B1090768,0,A
769,B1090769,5,A
770,B3090770,9,C
771,B2090771,6,C
772,B4090772,5,B
773,B3090773,5,B
774,B2090774,9,D
775,B2090775,0,D
776,A1090776,8,C
777,B2090777,8,C
778,B3090778,5,A
779,A2090779,0,B
780,A2090780,9,A
781,A1090781,0,D
782,A1090782,9,B
783,A2090783,8,A
784,A1090784,0,D
785,A1090785,0,C
786,B3090786,0,C
787,B2090787,6,B
788,B3090788,5,C
789,B2090789,0,D
790,A2090790,3,C
791,A2090791,5,B
792,A2090792,5,D
793,B3090793,5,D
794,B3090794,5,A
795,B4090795,5,A
796,B4090796,5,A
797,B3090797,5,B
798,B5090798,5,C
799,B1090799,5,D
800,A2090800,3,B
801,A3090801,9,D
802,A3090802,1,B
803,A2090803,9,D
804,A2090804,6,D
805,B1090805,7,A
806,A2090806,2,D
807,A1090807,9,A
808,A2090808,7,B
809,B1090809,7,A
810,A1090810,5,B
811,A3090811,7,C
812,A3090812,7,B
813,B2090813,0,C
814,B2090814,3,A
815,B3090815,5,C
816,B3090816,8,A
817,B4090817,7,A
818,B5090818,8,C
819,B5090819,3,B
820,A1090820,9,B
821,A2090821,5,B
822,B1090822,0,B
823,B1090823,3,D
824,B1090824,6,D
825,B2090825,9,A
826,B2090826,8,B
827,B2090827,8,D
828,B3090828,9,C
829,B3090829,3,C
830,A1090830,2,A
831,A2090831,7,D
832,A2090832,5,D
833,A2090833,2,C
834,A2090834,7,A
835,A3090835,9,C
836,B1090836,5,B
837,B3090837,5,C
838,B1090838,9,A
839,B2090839,5,C
840,B3090840,5,D
841,B3090841,5,B
842,B3090842,8,A
843,A2090843,9,D
844,A2090844,9,B
845,A2090845,9,B
846,B2090846,0,A
847,B2090847,0,B
848,A2090848,6,A
849,B2090849,5,A
850,B3090850,5,A
851,A1090851,8,A
852,A1090852,6,C
853,A2090853,6,A
854,A1090854,5,A
855,B3090855,5,B
856,B3090856,8,B
857,A2090857,0,C
858,B5090858,3,C
859,A2090859,0,D
860,A1090860,2,A
861,A1090861,7,B
862,A2090862,8,C
863,A2090863,5,A
864,B3090864,5,C
865,B3090865,5,D
866,B4090866,3,A
867,B4090867,2,D
868,B4090868,5,B
869,B4090869,5,C
870,B5090870,3,D
871,B5090871,5,C
872,B5090872,5,A
873,A2090873,8,D
874,B2090874,0,B
875,B2090875,9,D
876,B2090855,0,C
877,B2090877,8,C
878,B2090878,4,A
879,B2090879,4,D
880,B2090880,4,D
881,B2090881,6,C
882,B2090882,8,C
883,B2090883,0,D
884,B2090884,5,B
885,B3090885,6,B
886,B3090886,2,B
887,B3090887,8,C
888,B3090888,8,D
889,B3090889,0,C
890,B3090890,6,D
891,B4090891,0,A
892,B1090892,5,C
893,B4090893,2,A
894,B4090894,3,D
895,B4090895,9,A
896,B5090896,9,C
897,B5090897,8,C
898,B3090898,4,A
899,B5090899,8,A
900,A1090900,9,D
901,A2090901,0,D
902,A2090902,9,B
903,B1090903,8,B
904,A2090904,9,B
905,A2090905,6,D
906,A2090906,8,C
907,A2090907,9,C
908,A2090908,9,D
909,A1090909,8,B
910,B2090910,9,C
911,A1090911,1,B
912,A2090912,8,D
913,B5090913,0,D
914,B1090914,4,D
915,A3090915,1,B
916,A1090916,4,B
917,B3090917,9,B
918,A2090918,0,C
919,B4090919,7,B
920,A1090920,3,B
921,B1090921,0,D
922,B5090922,5,B
923,B5090923,3,C
924,B1090924,4,D
925,A1090925,6,B
926,A2090926,4,B
927,A2090927,0,C
928,B2090928,7,A
929,B1090929,0,C
930,A1090930,9,B
931,A2090931,0,C
932,A2090932,4,C
933,A1090933,9,B
934,B3090934,0,D
935,A1090935,3,A
936,A1090936,0,B
937,B2090937,7,A
938,A3090938,9,C
939,B1090939,7,D
940,A1090940,9,C
941,B2090941,9,B
942,B2090942,0,D
943,B1090943,7,C
944,B3090944,0,B
945,B3090945,5,A
946,B2090946,5,D
947,B4090947,3,A
948,B1090948,6,D
949,B1090949,5,C
950,A1090950,8,A
951,A1090951,8,B
952,A2090952,7,C
953,A2090953,9,A
954,A2090954,0,C
955,B4090955,3,B
956,A3090956,5,D
957,A3090957,1,D
958,A3090958,5,B
959,A1090959,6,B
960,A1090960,9,C
961,A2090961,7,B
962,A2090962,9,C
963,A2090963,0,C
964,A3090964,9,C
965,B1090965,9,C
966,B3090966,9,C
967,B4090967,3,C
968,B5090968,5,A
969,B5090969,7,B
970,A1090970,5,C
971,B3090971,9,C
972,B3090972,6,C
973,B5090973,5,D
974,A1090974,0,C
975,B1090975,8,D
976,B1090976,5,C
977,B1090977,0,A
978,B1090978,9,B
979,B1090979,3,A
980,B4090980,3,B
981,B3090981,2,D
982,B2090982,0,A
983,B2090983,8,A
984,B4090984,8,B
985,B2090985,2,B
986,B2090986,6,A
987,A2090987,1,B
988,B2090988,9,B
989,B2090989,5,A
990,B3090990,9,A
991,B3090991,5,A
992,B4090992,3,B
993,B3090993,8,D
994,A3090994,9,A
995,A1090995,8,A
996,A1090996,8,D
997,B5090997,5,A
998,B2090998,0,D
999,B3090999,9,A
1000,B3091000,9,A
1001,B4091001,0,B
1002,A2091002,9,A
1003,A1091003,9,A
1004,B1091004,8,D
1005,A3091005,8,A
1006,A1091006,8,B
1007,A1091007,9,A
1008,B5091008,5,C
1009,B5091009,3,A
1010,A2091010,8,A
1011,A2091011,7,A
1012,A1091012,7,C
1013,A1091013,9,C
1014,A2091014,0,B
1015,A1091015,9,B
1016,A1091016,5,B
1017,A3091017,9,C
1018,A3091018,9,B
1019,A1091019,2,C
1020,A1091020,3,A
1021,A1091021,5,B
1022,A1091022,3,C
1023,A1091023,5,C
1024,A1091024,0,A
1025,A2091025,5,B
1026,A1091026,3,D
1027,B4091027,5,C
1028,A1091028,2,C
1029,B4091029,3,B
1030,B1091030,9,C
1031,B4091031,9,B
1032,B2091032,9,D
1033,A2091033,0,C
1034,B2091034,5,A
1035,A2091035,9,D
1036,B3091036,3,A
1037,B4091037,3,B
1038,B4091038,3,B
1039,B3091039,5,D
1040,B2091040,9,D
1041,B3091041,0,C
1042,A3091042,9,C
1043,B4091043,3,C
1044,B3091044,8,B
1045,B4091045,5,B
1046,B1091046,9,D
1047,B3091047,5,B
1048,B5091048,3,A
1049,B5091049,5,B
1050,A1091050,9,B
1051,A2091051,7,C
1052,B1091052,0,A
1053,B1091053,5,D
1054,B1091054,4,C
1055,B5091055,3,A
1056,B2091056,9,B
1057,B5091057,5,A
1058,B1091058,5,A
1059,B1091059,3,A
1060,B5091060,3,A
1061,A2091061,6,B
1062,A3091062,5,B
1063,A3091063,7,D
1064,A2091064,3,A
1065,A1091065,2,C
1066,A1091066,7,A
1067,A2091067,9,D
1068,A1091068,9,A
1069,A1091069,7,C
1070,B1091070,9,A
1071,B2091071,9,A
1072,B1091072,8,D
1073,B2091073,9,D
1074,A2091074,0,B
1075,A2091075,3,B
1076,A2091076,9,D
1077,B2091077,2,C
1078,A3091078,0,C
1079,B3091079,0,D
1080,B1091080,5,A
1081,B1091081,5,D
1082,A2091082,9,D
1083,B3091083,0,C
1084,A2091084,2,D
1085,B3091085,8,C
1086,B3091086,9,C
1087,B2091087,9,D
1088,B2091088,3,A
1089,B2091089,0,D
1090,A1091090,5,A
1091,A1091091,9,C
1092,A2091092,2,A
1093,A2091093,9,C
1094,B1091094,5,C
1095,B2091095,6,B
1096,B3091096,5,A
1097,B4091097,5,D
1098,B4091098,5,D
1099,B5091099,5,B
1100,A1091100,6,A
1101,A1091101,5,C
1102,A1091102,8,A
1103,A1091103,5,D
1104,A1091104,8,A
1105,A2091105,8,B
1106,B4091106,3,D
1107,A2091107,6,C
1108,A3091108,5,A
1109,A3091109,0,B
1110,A2091110,6,D
1111,A1091111,8,C
1112,B4091112,9,D
1113,B3091113,5,C
1114,B1091114,4,D
1115,A3091115,1,D
1116,B2091116,3,C
1117,A1091117,9,D
1118,B1091118,8,A
1119,B4091119,6,C
1120,A1091120,0,C
1121,A2091121,0,A
1122,A1091122,7,C
1123,A2091123,0,C
1124,A2091124,0,C
1125,A3091125,9,A
1126,A3091126,0,C
1127,A2091127,0,A
1128,A1091128,7,B
1129,B5091129,3,B
1130,B4091130,3,B
1131,B3091131,9,D
1132,B1091132,0,B
1133,B5091133,3,B
1134,B4091134,5,D
1135,A1091135,0,A
1136,A1091136,0,C
1137,A2091137,0,B
1138,A1091138,0,C
1139,A2091139,9,C
1140,A2091140,0,C
1141,A1091141,0,D
1142,A1091142,0,A
1143,A2091143,5,B
1144,A3091144,8,C
1145,B2091145,8,C
1146,B1091146,5,B
1147,B1091147,5,D
1148,B2091148,5,C
1149,B3091149,8,A
1150,B1091150,4,A
1151,B5091151,3,B
1152,B2091152,9,C
1153,A2091153,5,A
1154,B3091154,5,C
1155,B3091155,0,C
1156,B4091156,3,A
1157,B4091157,3,B
1158,B4091158,3,B
1159,B1091159,5,A
1160,A2091160,9,D
1161,B4091161,5,D
1162,B1091162,7,B
1163,A2091163,8,B
1164,A1091164,9,B
1165,B2091165,4,B
1166,B1091166,6,B
1167,B3091167,4,C
1168,B4091168,3,D
1169,B1091169,1,B
1170,B2091170,9,D
1171,B1091171,3,B
1172,A2091172,9,B
1173,A2091173,1,A
1174,A1091174,9,D
1175,A1091175,8,C
1176,A1091176,0,A
1177,A2091177,9,C
1178,A2091178,8,C
1179,B2091179,0,D
1180,A1091180,9,D
1181,A1091181,9,A
1182,A3091182,1,C
1183,B1091183,0,D
1184,B1091184,2,A
1185,B1091185,9,D
1186,B2091186,0,A
1187,B3091187,6,A
1188,B3091188,5,C
1189,B3091189,3,C
1190,B3091190,5,D
1191,B3091191,8,D
1192,B4091192,3,C
1193,B4091193,5,B
1194,B4091194,5,C
1195,B4091195,3,B
1196,B5091196,3,A
1197,B3091197,5,B
1198,B1091198,5,C
1199,B3091199,9,B
1200,A1091200,5,B
1201,A1091201,3,C
1202,A1091202,9,A
1203,A1091203,6,A
1204,A2091204,0,A
1205,A2091205,5,B
1206,A1091206,7,C
1207,A3091207,7,D
1208,A3091208,9,C
1209,A1091209,9,C
1210,A2091210,3,A
1211,B3091211,9,D
1212,B3091212,6,A
1213,B2091213,6,B
1214,B2091214,9,C
1215,B3091215,3,A
1216,B2091216,9,B
1217,B3091217,5,B
1218,B2091218,8,D
1219,B5091219,5,B
1220,B3091220,0,A
1221,A2091221,9,A
1222,A2091222,7,C
1223,B5091223,0,D
1224,B3091224,9,D
1225,B3091225,9,D
1226,B3091226,5,C
1227,B5091227,3,C
1228,A1091228,0,D
1229,B3091229,3,B
1230,A2091230,9,A
1231,A2091231,9,C
1232,A2091232,9,C
1233,B1091233,9,D
1234,B1091234,3,D
1235,B1091235,9,C
1236,B1091236,8,C
1237,B5091237,5,D
1238,A2091238,9,A
1239,B2091239,5,D
1240,B1091240,9,D
1241,B2091241,9,D
1242,B1091242,3,D
1243,B1091243,5,A
1244,B3091244,5,A
1245,B5091245,5,B
1246,B2091246,9,B
1247,B5091247,5,C
1248,B5091248,5,A
1249,B3091249,5,C
1250,A1091250,3,B
1251,B1091251,3,B
1252,A1091252,7,C
1253,A1091253,5,B
1254,A2091254,9,B
1255,A2091255,9,A
1256,A3091256,2,D
1257,B1091257,3,B
1258,A3091258,0,C
1259,A3091259,9,D
1260,A2091260,5,A
1261,A2091261,5,A
1262,A2091262,7,B
1263,B2091263,3,C
1264,B3091264,5,D
1265,B2091265,9,D
1266,B5091266,3,A
1267,B1091267,0,D
1268,B2091268,9,B
1269,B1091269,9,A
1270,A2091270,7,B
1271,B2091271,5,D
1272,A1091272,8,C
1273,A2091273,9,B
1274,B3091274,9,C
1275,A2091275,9,D
1276,B2091276,8,C
1277,B2091277,5,C
1278,B2091278,2,C
1279,B3091279,0,D
1280,A1091280,9,B
1281,B5091281,3,D
1282,A1091282,3,B
1283,A2091283,3,A
1284,A2091284,0,A
1285,A1091285,8,A
1286,A1091286,9,A
1287,A1091287,0,B
1288,A2091288,9,A
1289,A1091289,8,A
1290,A1091290,1,A
1291,A1091291,3,D
1292,A2091292,7,C
1293,A2091293,8,C
1294,A2091294,9,C
1295,B2091295,7,D
1296,B3091296,5,C
1297,B2091297,8,D
1298,A2091298,5,D
1299,A1091299,9,C
1300,A1091300,0,D
1301,A2091301,0,B
1302,A1091302,2,D
1303,A1091303,5,A
1304,A1091304,9,C
1305,A2091305,0,A
1306,A1091306,9,B
1307,A3091307,3,D
1308,A3091308,7,D
1309,A1091309,0,C
1310,A1091310,9,A
1311,A1091311,0,B
1312,A1091312,4,C
1313,A2091313,0,C
1314,A2091314,9,C
1315,A3091315,1,C
1316,A3091316,1,D
1317,A3091317,8,C
1318,A3091318,9,D
1319,B1091319,8,C
1320,B2091320,9,D
1321,B1091321,5,D
1322,B4091322,3,D
1323,B1091323,3,D
1324,B2091324,0,C
1325,B2091325,2,B
1326,B2091326,8,B
1327,B3091327,8,B
1328,A1091328,9,D
1329,A2091329,0,B
1330,A2091330,9,B
1331,A1091331,0,D
1332,A1091332,0,D
1333,B2091333,0,C
1334,B1091334,0,D
1335,B5091335,3,D
1336,B3091336,3,A
1337,B2091337,5,D
1338,B3091338,9,C
1339,B5091339,3,A
1340,B4091340,5,A
1341,B1091341,7,A
1342,B3091342,9,B
1343,B2091343,5,D
1344,B1091344,8,B
1345,B3091345,5,C
1346,B4091346,8,C
1347,B2091347,9,B
1348,B4091348,3,B
1349,B1091349,9,B
1350,B1091350,9,B
1351,B2091351,9,B
1352,B3091352,0,A
1353,B5091353,3,C
1354,A2091354,3,B
1355,B2091355,8,A
1356,B3091356,5,A
1357,A3091357,9,B
1358,B2091358,0,A
1359,A2091359,7,B
1360,B2091360,6,A
1361,B5091361,7,B
1362,A3091362,3,D
1363,B3091363,3,A
1364,B1091364,5,C
1365,B3091365,3,A
1366,B3091366,4,A
1367,B2091367,4,A
1368,B2091368,9,A
1369,B3091369,3,B
1370,B1091370,5,D
1371,A1091371,9,A
1372,A1091372,9,B
1373,A2091373,9,B
1374,A1091374,7,A
1375,B3091375,9,B
1376,A2091376,7,B
1377,B3091377,9,C
1378,B2091378,3,A
1379,B2091379,8,C
1380,A1091380,9,D
1381,A1091381,0,A
1382,A1091382,9,C
1383,A2091383,9,D
1384,A2091384,0,B
1385,A2091385,0,B
1386,A3091386,9,B
1387,B1091387,9,D
1388,A2091388,0,D
1389,A2091389,8,D
1390,A1091390,8,C
1391,A1091391,3,A
1392,A2091392,0,B
1393,A1091393,9,D
1394,A1091394,0,C
1395,A2091395,3,C
1396,B1091396,5,D
1397,B2091397,6,B
1398,B3091398,5,D
1399,B2091399,9,C
1400,A1091400,3,C
1401,A1091401,0,A
1402,A2091402,0,B
1403,A3091403,7,A
1404,B5091404,3,A
1405,A3091405,9,B
1406,B1091406,3,D
1407,B1091407,3,D
1408,B2091408,8,A
1409,B2091409,5,C
1410,A1091410,8,B
1411,A1091411,5,A
1412,A1091412,2,A
1413,A2091413,9,C
1414,A2091414,7,D
1415,B4091415,3,C
1416,B4091416,3,D
1417,A2091417,5,C
1418,B1091418,5,B
1419,B1091419,5,D
1420,B2091420,5,D
1421,A2091421,9,B
1422,B2091422,9,D
1423,B1091423,7,D
1424,B3091424,6,A
1425,B4091425,9,B
1426,B4091426,5,C
1427,B4091427,9,D
1428,B5091428,2,A
1429,B3091429,5,A
1430,B1091430,8,B
1431,B1091431,8,D
1432,B1091432,0,B
1433,B2091433,0,B
1434,B2091434,7,D
1435,B2091435,7,B
1436,B3091436,9,A
1437,A2091437,8,C
1438,B3091438,1,A
1439,B2091439,9,A
1440,B5091440,3,C
1441,A2091441,9,D
1442,B5091442,3,C
1443,B5091443,2,A
1444,B4091444,6,C
1445,A1091445,4,C
1446,A1091446,0,B
1447,A1091447,9,B
1448,A1091448,0,D
1449,A1091449,0,B
1450,A1091450,9,C
1451,A2091451,0,C
1452,A2091452,0,A
1453,A2091453,8,D
1454,A2091454,7,D
1455,B2091455,0,D
1456,B2091456,5,C
1457,A3091457,5,A
1458,A3091458,7,B
1459,A3091459,8,C
1460,B3091460,6,C
1461,A1091461,4,D
1462,A1091462,8,C
1463,A1091463,9,B
1464,A1091464,0,C
1465,B2091465,9,D
1466,B1091466,9,A
1467,B3091467,9,B
1468,A1091468,0,A
1469,B1091469,8,A
1470,B2091470,8,C
1471,A2091471,9,C
1472,B2091472,0,A
1473,B1091473,0,C
1474,B1091474,7,C
1475,B2091475,5,D
1476,A2091476,7,D
1477,B3091477,5,A
1478,B3091478,5,B
1479,B3091479,5,C
1480,A1091480,3,D
1481,B3091481,5,A
1482,A2091482,0,A
1483,A1091483,0,D
1484,A1091484,0,C
1485,A2091485,7,C
1486,B3091486,9,A
1487,B4091487,3,C
1488,B5091488,3,A
1489,B5091489,3,C
1490,A1091490,7,B
1491,A1091491,0,D
1492,A3091492,9,A
1493,A2091493,7,B
1494,A2091494,9,A
1495,A2091495,1,A
1496,A2091496,8,A
1497,A2091497,6,C
1498,B3091498,8,A
1499,B3091499,5,B
1500,A2091500,3,C
1501,B2091501,9,A
1502,B2091502,6,C
1503,B2091503,9,B
1504,A2091504,9,C
1505,B3091505,5,A
1506,B1091506,7,B
1507,B4091507,5,B
1508,B2091508,2,C
1509,B5091509,9,B
1510,B5091510,3,C
1511,A1091511,0,B
1512,A3091512,4,B
1513,A3091513,3,B
1514,B1091514,5,B
1515,B1091515,5,B
1516,B1091516,3,A
1517,B2091517,8,D
1518,B2091518,6,B
1519,B2091519,9,A
1520,B1091520,3,D
1521,B1091521,3,D
1522,B2091522,7,C
1523,B2091523,0,B
1524,B2091524,7,C
1525,B3091525,0,C
1526,B1091526,5,C
1527,B3091527,9,B
1528,B3091528,5,A
1529,B4091529,3,D
1530,A1091530,4,D
1531,B4091531,9,B
1532,B2091532,9,C
1533,B2091533,5,D
1534,B2091534,5,B
1535,B3091535,6,C
1536,B5091536,9,A
1537,B4091537,7,A
1538,B5091538,3,C
1539,B4091539,5,D
1540,A1091540,9,B
1541,A2091541,9,C
1542,A1091542,0,C
1543,A2091543,6,B
1544,B3091544,0,B
1545,B3091545,8,D
1546,B3091546,7,A
1547,B4091547,5,B
1548,B4091548,3,D
1549,B5091549,5,B
1550,A2091550,3,D
1551,A1091551,3,C
1552,A1091552,0,B
1553,A1091553,0,B
1554,A2091554,9,C
1555,A2091555,9,D
1556,B1091556,6,B
1557,B1091557,5,D
1558,B1091558,2,C
1559,A3091559,3,A
1560,A1091560,9,D
1561,A1091561,9,B
1562,A1091562,0,C
1563,A3091563,9,B
1564,A2091564,7,B
1565,A3091565,3,C
1566,B1091566,8,D
1567,B1091567,5,D
1568,B2091568,5,B
1569,B2091569,7,B
1570,A1091570,0,C
1571,A1091571,3,A
1572,A1091572,3,B
1573,A2091573,2,D
1574,A2091574,0,D
1575,A2091575,8,D
1576,A2091576,0,C
1577,A3091577,5,A
1578,B3091578,6,C
1579,B3091579,9,D
1580,A1091580,8,C
1581,A1091581,9,C
1582,A1091582,8,A
1583,A2091583,7,A
1584,A3091584,1,A
1585,B3091585,5,D
1586,B1091586,5,A
1587,A1091587,5,C
1588,B5091588,9,B
1589,A2091589,5,A
1590,A2091590,8,A
1591,A2091591,8,A
1592,A2091592,0,C
1593,A1091593,8,C
1594,A2091594,7,D
1595,A2091595,7,D
1596,A1091596,2,A
1597,A1091597,9,A
1598,B3091598,5,C
1599,A1091599,5,A
1600,A1091600,9,A
1601,A1091601,7,C
1602,A1091602,9,A
1603,A1091603,0,C
1604,A3091604,9,A
1605,A3091605,3,A
1606,B1091616,8,A
1607,B1091607,3,C
1608,B1091608,6,B
1609,B1091609,9,C
1610,A3091610,7,A
1611,A1091611,2,D
1612,A1091612,9,C
1613,A1091613,0,A
1614,A1091614,8,A
1615,A2091615,2,B
1616,A2091616,0,A
1617,A2091617,7,D
1618,A3091618,9,B
1619,A3091619,9,C
1620,B2091620,9,B
1621,B1091621,3,A
1622,B2091622,8,B
1623,B2091623,3,A
1624,A2091624,5,C
1625,A1091625,4,C
1626,B2091626,8,C
1627,B2091627,1,C
1628,B2091628,9,D
1629,B2091629,9,B
1630,B3091630,5,D
1631,B3091631,5,B
1632,B3091632,5,D
1633,B4091633,5,C
1634,B4091634,3,D
1635,A2091635,9,C
1636,A2091636,1,D
1637,B1091637,0,B
1638,B5091638,2,D
1639,B3091639,5,A
1640,A1091640,9,D
1641,A1091641,3,A
1642,A1091642,9,B
1643,B1091643,3,A
1644,B4091644,3,B
1645,B3091645,5,C
1646,B3091646,5,A
1647,B1091647,3,D
1648,B5091648,3,D
1649,B4091649,5,A
1650,A1091650,9,B
1651,A1091651,0,B
1652,A2091652,8,C
1653,A2091653,6,D
1654,B2091654,0,B
1655,B2091655,3,B
1656,B2091656,2,D
1657,B3091657,5,C
1658,B3091658,9,C
1659,B3091659,7,D
1660,A2091660,3,C
1661,A1091661,7,C
1662,A1091662,5,B
1663,A2091663,0,D
1664,A3091664,3,C
1665,A3091665,5,C
1666,B1091666,5,A
1667,B1091667,5,D
1668,B4091668,3,B
1669,B2091669,5,C
1670,A1091670,9,D
1671,A2091671,0,A
1672,A2091672,0,B
1673,A2091673,7,C
1674,A2091674,9,C
1675,B2091675,7,C
1676,B2091676,5,C
1677,B3091677,8,B
1678,B3091678,5,B
1679,B3091679,8,B
1680,A1091680,0,C
1681,A1091681,9,C
1682,A1091682,5,D
1683,A2091683,9,C
1684,A2091684,0,D
1685,A2091685,5,C
1686,B5091686,3,A
1687,B4091687,5,A
1688,B5091688,5,B
1689,B5091689,3,A
1690,A2091690,8,B
1691,B1091691,3,C
1692,B5091692,5,B
1693,B1091693,5,C
1694,A2091694,3,D
1695,A1091695,0,C
1696,B5091696,5,B
1697,B3091697,6,A
1698,B4091698,3,B
1699,B1091699,3,A
1700,B2091700,8,B
1701,A2091701,8,B
1702,B1091702,0,A
1703,B2091703,9,A
1704,B3091704,9,B
1705,A1091705,9,C
1706,A2091706,9,B
1707,B5091717,3,A
1708,B2091708,6,D
1709,B2091709,8,D
1710,A1091710,1,C
1711,A2091711,9,B
1712,A1091712,9,A
1713,B2091713,9,D
1714,B3091714,4,C
1715,A2091715,9,D
1716,B1091716,9,C
1717,B2091717,6,D
1718,B2091718,9,D
1719,B3091719,0,A
1720,A2091720,8,B
1721,A1091721,9,C
1722,A3091722,9,A
1723,A2091723,5,D
1724,B2091724,5,D
1725,A1091725,9,D
1726,A1091726,4,D
1727,A2091727,9,B
1728,B1091728,3,B
1729,B3091729,8,C
1730,A1091730,7,A
1731,A1091731,8,A
1732,A2091732,0,A
1733,A2091733,5,C
1734,A3091734,0,C
1735,A1091735,0,D
1736,B3091736,8,D
1737,B2091737,9,D
1738,B2091738,4,D
1739,B3091739,7,A
1740,A1091740,9,A
1741,B3091741,8,D
1742,A2091742,8,B
1743,A3091743,5,A
1744,B5091744,3,A
1745,B5091745,3,D
1746,B2091746,8,B
1747,B2091747,8,D
1748,B3091748,6,C
1749,B3091749,8,D
1750,A1091750,9,C
1751,A1091751,9,D
1752,A2091752,3,A
1753,A2091753,9,B
1754,B1091754,0,B
1755,B1091755,8,C
1756,B1091756,8,A
1757,B3091757,8,C
1758,B3091758,5,C
1759,B3091759,7,C
1760,A1091760,9,A
1761,A1091761,0,A
1762,A2091762,0,A
1763,A2091763,4,A
1764,A3091764,1,D
1765,A1091765,9,A
1766,B1091766,0,A
1767,B1091767,9,A
1768,B2091768,0,C
1769,B3091769,8,C
1770,A1091770,8,B
1771,A1091771,9,D
1772,A2091772,9,A
1773,A2091773,4,B
1774,A3091774,9,C
1775,B1091775,0,B
1776,B1091776,5,C
1777,B1091777,5,A
1778,B2091778,0,B
1779,B3091779,0,A
1780,B5091780,5,B
1781,B5091781,3,D
1782,B5091782,5,B
1783,B5091783,5,D
1784,A2091784,9,D
1785,A1091785,0,C
1786,A3091786,9,C
1787,B4091787,2,D
1788,B4091788,5,D
1789,A2091789,9,B
1790,A3091790,8,C
1791,B4091791,3,C
1792,B4091792,6,A
1793,B1091793,5,C
1794,A2091794,9,C
1795,A1091795,0,B
1796,A2091796,9,B
1797,A1091797,5,B
1798,B4091798,5,C
1799,B4091799,6,D
1800,A3091800,9,D
1801,B1091801,0,A
1802,B1091802,0,B
1803,B2091803,0,D
1804,B1091804,9,B
1805,A1091805,5,B
1806,A1091806,9,A
1807,A1091807,9,B
1808,B3091808,2,A
1809,A1091809,3,D
1810,A1091810,4,D
1811,A1091811,9,C
1812,A2091812,9,D
1813,A2091813,9,B
1814,B1091814,9,B
1815,B1091815,0,C
1816,B2091816,8,D
1817,B2091817,8,A
1818,B3091818,6,B
1819,A1091819,9,C
1820,A1091820,9,A
1821,A2091821,9,B
1822,A2091822,9,C
1823,A1091823,0,D
1824,A3091824,6,B
1825,A2091825,9,C
1826,B1091826,6,D
1827,B2091827,6,C
1828,B2091828,0,C
1829,B3091829,5,C
1830,A2091830,9,B
1831,A2091831,9,D
1832,A1091832,9,D
1833,A2091833,9,C
1834,A2091834,9,A
1835,B1091835,7,A
1836,B1091836,4,B
1837,B3091837,6,B
1838,B4091838,3,A
1839,B4091839,3,A
1840,A1091840,9,B
1841,A3091841,9,D
1842,B3091842,5,A
1843,B1091843,9,D
1844,B2091844,8,C
1845,B2091845,0,C
1846,B3091846,9,B
1847,A1091847,9,B
1848,B4091848,5,B
1849,B4091849,0,D
1850,A1091850,9,A
1851,A1091851,9,B
1852,A2091852,9,C
1853,A2091853,9,A
1854,A2091854,9,C
1855,A1091855,9,D
1856,A3091856,1,A
1857,B1091857,5,A
1858,B2091858,5,D
1859,B2091859,5,D
1860,A1091860,8,D
1861,A1091861,9,D
1862,B2091862,8,A
1863,A2091863,9,D
1864,B3091864,4,D
1865,B3091865,0,B
1866,B3091866,8,B
1867,B4091867,4,C
1868,B5091868,5,D
1869,B5091869,3,D
1870,A1091870,0,A
1871,A1091871,8,B
1872,A2091872,9,A
1873,A2091873,9,C
1874,A2091874,6,A
1875,B3091875,6,C
1876,B3091876,6,C
1877,B4091877,5,B
1878,B5091878,3,C
1879,B5091879,3,C
1880,A2091880,8,C
1881,A1091881,1,D
1882,A2091882,6,D
1883,A2091883,6,C
1884,A2091884,9,D
1885,B3091885,5,A
1886,B3091886,5,A
1887,B4091887,3,C
1888,B5091888,5,C
1889,B5091889,3,D
1890,A3091890,7,C
1891,A3091891,9,B
1892,A3091892,9,C
1893,B1091893,9,A
1894,B1091894,5,A
1895,B2091895,0,D
1896,B2091896,6,A
1897,B2091897,9,D
1898,B2091898,9,A
1899,B5091899,5,A
1900,A3091900,8,B
1901,B1091901,9,B
1902,B1091902,5,D
1903,B2091903,6,A
1904,B1091904,5,C
1905,A1091905,9,A
1906,A1091906,0,A
1907,A2091907,0,C
1908,B3091908,3,A
1909,A1091909,9,C
1910,A1091910,9,D
1911,A1091911,9,D
1912,A2091912,6,C
1913,A2091913,9,C
1914,B1091914,6,A
1915,B1091915,9,A
1916,B2091916,6,D
1917,B2091917,0,C
1918,B2091918,3,A
1919,B3091919,8,B
1920,A1091920,6,C
1921,A2091921,9,A
1922,A2091922,9,D
1923,B1091923,0,C
1924,B2091924,8,A
1925,A2091925,7,C
1926,A1091926,0,D
1927,A3091927,8,C
1928,B2091928,3,B
1929,B3091929,6,B
1930,A1091930,9,C
1931,A1091931,0,C
1932,A1091932,0,D
1933,A2091933,5,A
1934,A2091934,7,A
1935,B1091935,5,C
1936,A2091936,8,B
1937,B2091937,9,B
1938,A1091938,9,D
1939,A1091939,8,D
1940,A3091940,9,C
1941,A3091941,8,C
1942,A3091942,1,A
1943,B1091943,0,C
1944,B2091944,9,C
1945,A1091945,0,D
1946,A2091946,4,D
1947,A2091947,9,D
1948,B1091948,0,D
1949,B2091949,5,B
1950,A1091950,8,D
1951,A1091951,0,D
1952,A2091952,8,D
1953,A1091953,9,D
1954,A2091954,0,A
1955,A2091955,8,B
1956,A3091956,9,B
1957,B1091957,2,A
1958,B2091958,9,A
1959,B2091959,0,D
1960,A1091960,8,C
1961,A1091961,0,B
1962,A2091962,9,D
1963,A2091963,0,D
1964,A2091964,0,B
1965,B2091965,0,A
1966,B3091966,4,D
1967,B3091967,5,A
1968,A2091968,9,C
1969,B3091969,8,B
1970,A2091970,9,A
1971,A2091971,8,D
1972,B2091972,5,A
1973,B1091973,9,A
1974,B2091974,3,B
1975,B1091975,9,B
1976,B2091976,6,B
1977,B3091977,4,C
1978,B3091978,5,A
1979,A3091979,9,C
1980,A3091980,0,D
1981,B1091981,7,C
1982,B2091982,8,B
1983,A1091983,9,C
1984,B3091984,9,C
1985,B3091985,0,A
1986,B4091986,3,B
1987,B4091987,2,C
1988,B4091988,3,D
1989,B4091989,5,D
1990,B4091990,3,C
1991,B4091991,3,D
1992,B5091992,3,B
1993,B5091993,3,A
1994,B5091994,3,A
1995,B5091995,3,B
1996,B5091996,3,B
1997,B5091997,3,C
1998,B4091998,2,A
1999,B5091999,3,C
2000,A1092000,9,C
2001,A1092001,6,A
2002,A1092002,9,D
2003,A1092003,0,C
2004,A2092004,9,D
2005,B1092005,3,C
2006,B1092006,0,B
2007,B1092007,7,D
2008,B2092008,6,A
2009,B3092009,5,D
2010,A1092010,9,A
2011,A1092011,7,C
2012,A2092012,9,A
2013,A2092013,9,C
2014,B1092014,8,C
2015,A2092015,6,D
2016,B1092016,9,A
2017,B2092017,4,B
2018,B3092018,0,C
2019,B1092019,9,B
2020,A1092020,9,B
2021,A1092021,5,B
2022,A1092022,4,A
2023,A1092023,0,C
2024,A1092024,6,B
2025,A3092025,9,C
2026,B2092026,8,A
2027,B1092027,8,B
2028,B2092028,5,B
2029,B2092029,5,A
2030,A1092030,9,B
2031,A1092031,0,A
2032,A1092032,0,C
2033,A2092033,8,D
2034,A2092034,9,B
2035,A2092035,0,B
2036,A2092036,9,B
2037,A1092037,9,C
2038,B1092038,5,B
2039,B2092039,5,A
2040,A1092040,9,A
2041,A1092041,0,D
2042,A2092042,8,B
2043,A2092043,9,D
2044,A2092044,8,D
2045,A2092045,9,D
2046,B2092046,3,D
2047,B2092047,6,D
2048,B3092048,8,B
2049,B3092049,0,B
2050,A2092050,9,A
2051,A2092051,9,A
2052,A2092052,9,B
2053,A3092053,9,A
2054,B1092054,9,B
2055,B2092055,9,A
2056,B2092056,8,D
2057,B2092057,1,C
2058,B3092058,4,B
2059,B3092059,8,A
2060,A1092060,9,B
2061,A2092061,9,A
2062,A3092062,8,C
2063,B1092063,5,D
2064,B1092064,3,C
2065,B2092065,9,A
2066,B2092066,5,D
2067,B3092067,3,D
2068,B3092068,3,D
2069,B5092069,3,A
2070,A1092070,9,C
2071,A1092071,9,D
2072,A2092072,0,C
2073,A2092073,9,D
2074,A2092074,9,D
2075,A3092075,9,B
2076,A3092076,0,D
2077,B1092077,5,D
2078,B2092078,8,A
2079,B3092079,6,A
2080,A2092080,8,A
2081,A3092081,9,C
2082,A3092082,1,B
2083,B1092083,0,D
2084,B3092084,5,C
2085,B3092085,0,B
2086,B4092086,9,C
2087,B4092087,3,D
2088,B4092088,3,A
2089,B4092089,3,D
2090,B4092090,3,D
2091,B4092091,5,A
2092,B4092092,3,D
2093,B5092093,3,C
2094,B5092094,3,D
2095,B5092095,3,B
2096,B5092096,3,B
2097,B5092097,3,D
2098,B5092098,3,A
2099,B5092099,3,D
2100,A1092100,0,C
2101,A1092101,9,D
2102,A1092102,9,A
2103,A1092103,9,D
2104,A2092104,7,B
2105,B1092105,0,C
2106,B1092106,4,C
2107,B1092107,3,D
2108,B2092108,9,A
2109,B3092109,5,A
2110,A1092110,9,C
2111,A1092111,9,B
2112,A2092112,0,C
2113,A2092113,0,B
2114,A2092114,0,B
2115,B1092115,0,D
2116,B1092116,9,B
2117,B2092117,7,C
2118,B2092118,8,C
2119,B2092119,6,A
2120,A1092120,9,B
2121,A1092121,9,B
2122,A1092122,9,A
2123,A1092123,9,C
2124,A2092124,9,D
2125,A3092125,7,D
2126,B1092126,8,B
2127,B1092127,6,D
2128,B3092128,9,C
2129,B3092129,8,B
2130,A1092130,9,A
2131,A1092131,9,A
2132,A1092132,1,D
2133,A2092133,9,C
2134,A2092134,9,A
2135,A2092135,0,B
2136,A2092136,9,B
2137,A2092137,9,D
2138,B1092138,0,D
2139,B3092139,6,C
2140,A1092140,5,C
2141,A3092141,5,C
2142,A1092142,8,A
2143,A2092143,3,D
2144,B1092144,9,A
2145,A2092145,3,C
2146,B3092146,5,D
2147,B3092147,8,D
2148,B3092148,4,D
2149,B3092149,8,A
2150,A2092150,3,B
2151,A2092151,9,C
2152,A2092152,2,A
2153,A1092153,9,A
2154,B1092154,8,D
2155,B1092155,3,B
2156,B2092156,3,B
2157,B4092157,5,B
2158,B3092158,9,B
2159,B3092159,0,D
2160,A1092160,9,C
2161,A2092161,0,A
2162,A3092162,1,D
2163,B1092163,0,D
2164,B1092164,3,B
2165,B3092165,5,D
2166,B3092166,5,C
2167,B3092167,5,B
2168,B3092168,9,D
2169,B3092169,5,B
2170,A3092170,7,B
2171,A2092171,8,A
2172,A2092172,3,C
2173,A2092173,0,A
2174,A1092174,8,D
2175,A3092175,8,A
2176,A3092176,8,A
2177,B1092177,8,B
2178,B3092178,9,C
2179,B3092179,0,A
2180,A2092180,9,B
2181,A3092181,5,B
2182,A3092182,8,A
2183,B2092183,0,A
2184,B2092184,9,C
2185,B2092185,9,D
2186,B4092186,9,C
2187,B4092187,9,D
2188,B4092188,9,C
2189,B4092189,9,A
2190,B4092190,9,B
2191,B4092191,3,D
2192,B4092192,5,D
2193,B5092193,3,C
2194,B5092194,3,A
2195,B5092195,5,B
2196,B5092196,5,D
2197,B5092197,3,D
2198,B5092198,3,B
2199,B5092199,3,D
2200,A1092200,9,B
2201,A1092201,9,B
2202,A1092202,9,D
2203,A1092203,0,D
2204,A1092204,7,A
2205,A1092205,9,A
2206,A1092206,9,D
2207,A2092207,9,C
2208,A1092208,9,D
2209,A2092209,9,B
2210,B1092210,3,C
2211,B1092211,9,A
2212,B1092212,6,D
2213,B2092213,6,D
2214,B2092214,5,A
2215,A1092215,0,C
2216,A3092216,9,A
2217,A3092217,9,B
2218,A2092218,8,A
2219,A1092219,8,A
2220,B1092220,3,B
2221,B1092221,3,B
2222,B2092222,7,C
2223,B2092223,5,C
2224,B2092224,5,B
2225,A2092225,5,C
2226,A1092226,6,D
2227,A1092227,6,A
2228,A1092228,6,A
2229,A2092229,8,A
2230,A3092230,9,C
2231,B1092231,5,B
2232,B1092232,3,D
2233,B3092233,9,D
2234,B3092234,8,B
2235,A1092235,0,C
2236,A1092236,9,D
2237,A1092237,9,D
2238,A2092238,7,B
2239,A2092239,0,A
2240,A2092240,9,C
2241,A2092241,3,D
2242,A2092242,9,B
2243,B1092243,0,A
2244,B3092244,5,D
2245,A1092245,7,D
2246,A2092246,0,C
2247,A2092247,0,A
2248,A1092248,0,A
2249,A3092249,3,D
2250,B1092250,0,B
2251,B1092251,5,B
2252,B2092252,6,D
2253,B2092253,5,C
2254,B2092254,5,A
2255,B2092255,3,C
2256,B3092256,4,D
2257,B3092257,7,A
2258,B3092258,5,B
2259,B4092259,3,D
2260,A1092260,8,A
2261,A2092261,0,B
2262,A3092262,9,B
2263,B1092263,5,C
2264,B1092264,5,A
2265,B3092265,3,C
2266,B3092266,5,B
2267,B3092267,7,D
2268,B3092268,7,B
2269,B3092269,6,B
2270,A1092270,5,C
2271,A1092271,2,B
2272,A2092272,9,A
2273,A2092273,0,C
2274,A2092274,9,A
2275,A3092275,7,C
2276,A3092276,7,C
2277,B1092277,5,D
2278,B2092278,1,A
2279,B3092279,8,A
2280,B2092280,5,C
2281,B2092281,0,B
2282,B2092282,9,B
2283,B2092283,9,C
2284,B4092284,5,D
2285,B4092285,3,C
2286,B5092286,3,D
2287,B4092287,5,D
2288,B4092288,6,A
2289,B4092289,7,C
2290,B3092290,9,D
2291,B4092291,5,A
2292,B4092292,3,D
2293,B5092293,3,B
2294,B5092294,3,A
2295,B5092295,3,B
2296,B5092296,3,B
2297,B5092297,3,D
2298,B5092298,3,A
2299,B5092299,3,B
2300,A1092300,2,C
2301,A1092301,3,A
2302,A2092302,6,A
2303,A2092303,5,A
2304,A3092304,3,D
2305,B4092305,3,D
2306,B1092306,5,D
2307,B2092307,8,D
2308,B3092308,8,B
2309,B2092309,6,A
2310,A1092310,4,B
2311,A2092311,8,C
2312,A1092312,9,C
2313,A2092313,5,C
2314,A2092314,4,A
2315,A3092315,9,D
2316,B1092316,9,D
2317,B1092317,5,D
2318,B1092318,7,C
2319,B2092319,5,D
2320,A1092320,0,B
2321,A2092321,8,B
2322,A2092322,9,B
2323,B1092323,7,A
2324,B1092324,9,B
2325,B2092325,9,C
2326,B2092326,5,B
2327,B2092327,5,B
2328,B3092328,5,D
2329,B3092329,6,A
2330,A2092330,9,C
2331,A1092331,1,C
2332,A1092332,1,C
2333,A2092333,1,B
2334,A3092334,9,B
2335,A3092335,9,A
2336,B1092336,9,B
2337,B1092337,7,A
2338,B2092338,5,C
2339,B2092339,9,C
2340,B2092340,8,A
2341,B3092341,5,A
2342,B3092342,5,A
2343,B3092343,7,A
2344,B3092344,5,C
2345,A1092345,8,D
2346,A1092346,3,B
2347,A1092347,3,D
2348,A1092348,8,D
2349,A2092349,9,C
2350,A1092350,3,D
2351,A2092351,8,D
2352,A2092352,3,D
2353,A3092353,7,C
2354,B1092354,9,B
2355,B1092355,9,D
2356,B2092356,8,A
2357,B1092357,7,A
2358,B3092358,5,B
2359,B3092359,5,B
2360,A1092360,8,C
2361,A1092361,8,A
2362,A2092362,5,C
2363,A1092363,8,C
2364,A3092364,9,D
2365,A3092365,9,A
2366,B1092366,5,D
2367,B3092367,5,D
2368,B1092368,5,D
2369,B3092369,4,B
2370,A1092370,0,B
2371,A1092371,0,C
2372,A2092372,2,C
2373,A2092373,2,A
2374,A3092374,7,B
2375,A3092375,8,B
2376,A3092376,9,B
2377,A3092377,1,D
2378,A3092378,8,A
2379,B3092379,8,D
2380,B4092380,5,A
2381,B4092381,3,D
2382,B4092382,3,B
2383,B1092383,3,C
2384,B4092384,3,C
2385,B4092385,5,A
2386,B4092386,3,D
2387,B4092387,5,B
2388,B5092388,5,C
2389,B5092389,3,A
2390,B4092390,8,A
2391,B4092391,5,C
2392,B5092392,3,D
2393,B5092393,3,B
2394,B5092394,3,D
2395,B5092395,3,D
2396,B5092396,3,A
2397,B5092397,5,C
2398,B5092398,5,C
2399,B5092399,3,D
2400,A1092400,8,C
2401,A1092401,4,C
2402,A1092402,7,A
2403,A1092403,0,C
2404,B5092404,2,B
2405,A1092405,9,D
2406,A3092406,2,B
2407,A1092407,9,C
2408,B1092408,5,A
2409,B2092409,6,B
2410,B2092410,0,C
2411,B2092411,8,A
2412,B3092412,8,A
2413,B3092413,5,D
2414,B3092414,8,B
2415,A1092415,8,B
2416,A1092416,9,C
2417,A1092417,8,C
2418,B3092418,7,B
2419,A2092419,3,D
2420,A2092420,9,D
2421,A3092421,9,D
2422,B1092422,7,B
2423,A2092423,3,C
2424,B1092424,8,C
2425,B2092425,8,D
2426,B2092426,8,A
2427,B3092427,8,C
2428,B3092428,7,D
2429,B3092429,5,B
2430,A2092430,3,A
2431,A3092431,7,C
2432,A1092432,5,B
2433,A2092433,3,D
2434,A3092434,9,D
2435,B1092435,5,A
2436,B1092436,5,B
2437,B2092437,7,B
2438,B2092438,7,C
2439,B3092439,4,B
2440,A2092440,3,D
2441,A1092441,5,D
2442,A2092442,0,B
2443,A2092443,9,C
2444,A3092444,9,A
2445,A3092445,9,A
2446,B1092446,5,B
2447,B1092447,0,C
2448,B1092448,8,A
2449,B2092449,8,D
2450,B2092450,8,B
2451,B2092451,0,D
2452,B3092452,8,D
2453,B3092453,5,C
2454,B3092454,6,A
2455,A1092455,3,A
2456,A1092456,0,A
2457,A1092457,9,B
2458,A2092458,6,A
2459,A2092459,8,C
2460,A3092460,8,D
2461,A3092461,8,D
2462,B1092462,7,B
2463,B1092463,9,C
2464,B4092464,8,C
2465,B2092465,3,B
2466,B3092466,8,B
2467,B3092467,8,D
2468,B4092468,3,C
2469,B4092469,3,A
2470,A2092470,2,D
2471,A1092471,5,B
2472,A2092472,6,C
2473,A3092473,3,A
2474,A2092474,7,D
2475,A3092475,7,A
2476,A3092476,5,C
2477,A3092477,2,B
2478,B4092478,8,A
2479,B4092479,3,B
2480,B4092480,8,A
2481,B4092481,3,D
2482,B4092482,3,D
2483,B5092483,3,C
2484,B5092484,5,D
2485,A2092485,5,B
2486,A1092486,8,D
2487,A3092487,7,A
2488,A3092488,7,B
2489,B4092489,8,D
2490,B4092490,3,D
2491,B4092491,3,B
2492,B5092492,5,A
2493,B5092493,5,A
2494,B5092494,3,A
2495,B5092495,3,A
2496,B5092496,3,C
2497,B5092497,3,A
2498,B5092498,3,A
2499,B5092499,3,A
2500,A1092500,8,B
2501,A2092501,0,D
2502,A1092502,0,D
2503,A1092503,9,A
2504,A2092504,0,A
2505,A2092505,0,C
2506,A3092506,8,B
2507,B1092507,7,A
2508,B1092508,5,B
2509,B2092509,9,C
2510,B2092510,0,D
2511,B2092511,5,A
2512,B3092512,6,D
2513,B3092513,6,A
2514,B3092514,8,D
2515,A1092515,7,C
2516,A1092516,8,C
2517,A1092517,3,C
2518,A2092518,7,B
2519,A2092519,7,B
2520,A2092520,9,C
2521,A3092521,7,D
2522,B1092522,5,D
2523,B1092523,9,D
2524,B1092524,7,A
2525,B2092525,3,D
2526,B2092526,8,D
2527,B3092527,5,C
2528,B3092528,9,B
2529,B3092529,8,B
2530,A1092530,8,C
2531,A1092531,9,B
2532,A1092532,9,C
2533,A2092533,1,A
2534,A2092534,9,A
2535,A2092535,3,A
2536,A3092536,8,C
2537,A3092537,7,D
2538,B1092538,7,A
2539,B1092539,8,B
2540,B1092540,3,B
2541,B2092541,8,D
2542,B2092542,8,C
2543,B2092543,9,A
2544,B3092544,8,C
2545,A1092545,3,D
2546,A1092546,5,C
2547,A1092547,5,D
2548,A2092548,8,B
2549,A2092549,3,A
2550,A3092550,7,D
2551,B1092551,5,C
2552,B1092552,1,C
2553,B1092553,5,C
2554,B1092554,3,B
2555,B1092555,5,A
2556,B2092556,7,A
2557,B3092557,8,A
2558,B3092558,5,B
2559,B3092559,5,A
2560,A1092560,9,D
2561,A1092561,6,B
2562,A1092562,6,C
2563,A2092563,5,D
2564,A2092564,9,B
2565,A3092565,9,B
2566,A3092566,8,D
2567,A3092567,9,B
2568,B2092568,0,B
2569,B2092569,8,C
2570,B2092570,5,D
2571,B4092571,5,A
2572,B4092572,5,B
2573,B4092573,3,A
2574,B4092574,5,C
2575,A2092575,0,B
2576,A2092576,0,D
2577,A2092577,8,D
2578,A2092578,0,A
2579,A3092579,8,C
2580,A3092580,8,C
2581,A3092581,8,B
2582,A3092582,7,B
2583,B4092583,0,B
2584,B5092584,3,B
2585,B4092585,5,D
2586,B5092586,3,B
2587,B4092587,3,B
2588,B5092588,3,B
2589,B5092589,8,A
2590,B4092590,3,C
2591,B4092591,3,C
2592,B5092592,3,A
2593,B5092593,3,D
2594,B5092594,3,C
2595,B5092595,3,A
2596,B3092596,3,A
2597,B5092597,5,B
2598,B5092598,3,A
2599,B5092599,5,D
2600,A1092600,1,A
2601,A2092601,8,B
2602,A2092602,6,D
2603,A3092603,5,A
2604,B1092604,5,B
2605,A1092605,7,C
2606,A1092606,7,A
2607,A2092607,2,C
2608,A3092608,0,A
2609,B1092609,6,C
2610,A1092610,7,B
2611,A1092611,0,A
2612,A2092612,8,C
2613,A2092613,0,C
2614,A2092614,0,B
2615,A3092615,9,B
2616,A3092616,7,D
2617,B1092617,0,B
2618,B1092618,5,A
2619,B1092619,3,C
2620,B2092620,9,C
2621,B2092621,5,C
2622,B2092622,6,A
2623,B2092623,0,C
2624,B2092624,4,B
2625,A1092625,9,A
2626,A1092626,8,C
2627,A1092627,3,A
2628,A2092628,3,B
2629,A2092629,2,A
2630,A2092630,5,B
2631,A2092631,9,D
2632,B1092632,7,B
2633,B1092633,3,D
2634,B2092634,3,D
2635,B2092635,8,C
2636,B2092636,8,D
2637,B3092637,9,C
2638,B3092638,8,D
2639,B3092639,3,C
2640,A1092640,9,A
2641,A1092641,0,C
2642,A1092642,9,D
2643,A1092643,3,A
2644,A1092644,9,C
2645,A2092645,0,A
2646,A3092646,9,B
2647,A3092647,9,A
2648,A3092648,9,C
2649,B1092649,9,A
2650,B5092650,0,B
2651,B2092651,9,B
2652,B2092652,3,D
2653,B3092653,9,D
2654,B3092654,6,D
2655,A1092655,5,B
2656,A2092656,7,C
2657,B1092657,5,B
2658,B2092658,0,D
2659,B3092659,5,D
2660,A1092660,0,B
2661,A2092661,8,A
2662,B3092662,5,B
2663,A1092663,4,D
2664,B4092664,3,A
2665,A1092665,5,D
2666,B3092666,7,A
2667,A2092667,8,A
2668,A3092668,8,B
2669,A3092669,8,C
2670,B1092670,3,B
2671,B2092671,3,D
2672,B2092672,0,B
2673,B3092673,8,C
2674,B3092674,5,D
2675,B4092675,3,A
2676,B4092676,3,D
2677,B4092677,3,A
2678,B5092678,3,A
2679,B5092679,3,A
2680,A2092680,9,B
2681,A3092681,7,A
2682,B3092682,5,D
2683,B4092683,6,C
2684,B4092684,6,D
2685,A3092685,7,A
2686,A3092686,8,C
2687,B1092687,8,C
2688,B4092688,5,C
2689,B4092689,3,C
2690,B4092690,3,D
2691,B4092691,5,C
2692,B4092692,3,C
2693,B5092693,3,C
2694,B5092694,3,D
2695,B5092695,3,B
2696,B5092696,9,C
2697,B5092697,3,A
2698,B5092698,3,A
2699,B5092699,3,D
2700,A1092700,9,D
2701,A2092701,0,B
2702,A2092702,8,B
2703,A2092703,0,D
2704,A3092704,7,A
2705,B1092705,7,C
2706,B3092706,5,A
2707,B2092707,5,C
2708,B3092708,9,D
2709,B3092709,8,B
2710,A1092710,5,A
2711,A2092711,9,B
2712,A3092712,7,A
2713,B1092713,8,D
2714,B1092714,0,D
2715,B1092715,3,B
2716,B2092716,0,A
2717,B2092717,5,C
2718,B3092718,8,A
2719,B3092719,5,C
2720,A1092720,7,A
2721,A1092721,9,C
2722,A3092722,9,D
2723,B1092723,5,B
2724,B1092724,2,B
2725,A2092725,2,B
2726,A3092726,3,C
2727,A1092727,0,D
2728,A1092728,1,B
2729,A2092729,0,C
2730,A3092730,8,D
2731,A3092731,1,A
2732,B1092732,8,D
2733,B1092733,8,A
2734,B2092734,3,C
2735,B2092735,9,C
2736,B2092736,9,C
2737,B3092737,8,D
2738,B3092738,7,D
2739,B3092739,5,B
2740,A1092740,8,C
2741,B1092741,3,D
2742,A1092742,9,B
2743,A2092743,9,B
2744,B1092744,2,B
2745,A2092745,3,D
2746,A3092746,7,C
2747,A3092747,2,C
2748,A2092748,7,B
2749,B1092749,5,B
2750,B2092750,5,C
2751,B2092751,8,C
2752,B3092752,5,C
2753,B5092753,5,B
2754,B4092754,9,B
2755,A1092755,0,C
2756,A1092756,8,C
2757,A3092757,6,D
2758,B2092758,3,A
2759,B3092759,0,B
2760,A1092760,0,B
2761,A1092761,7,D
2762,A1092762,0,B
2763,A1092763,0,A
2764,A2092764,0,B
2765,A3092765,8,D
2766,A1092766,2,A
2767,B2092767,5,D
2768,B2092768,5,C
2769,B2092769,0,A
2770,B5092770,3,A
2771,B3092771,3,C
2772,B4092772,3,A
2773,B5092773,3,B
2774,B5092774,3,A
2775,A1092775,5,C
2776,A1092776,8,B
2777,A1092777,9,C
2778,A2092778,5,D
2779,A3092779,9,D
2780,B4092780,3,D
2781,B4092781,7,B
2782,B4092782,3,D
2783,B5092783,5,D
2784,B5092784,3,A
2785,A2092785,7,B
2786,A2092786,8,B
2787,A3092787,9,A
2788,A3092788,0,B
2789,B4092789,3,A
2790,B4092790,5,D
2791,B4092791,5,A
2792,B5092792,3,A
2793,B5092793,3,C
2794,B5092794,3,A
2795,B4092795,5,B
2796,B4092796,8,D
2797,B5092797,3,B
2798,B5092798,3,B
2799,B5092799,1,D
2800,A2092800,8,B
2801,A2092801,5,C
2802,A3092802,1,A
2803,B1092803,0,C
2804,B3092804,5,B
2805,A1092805,0,B
2806,A1092806,7,B
2807,A2092807,7,C
2808,A3092808,5,D
2809,B1092809,7,A
2810,B1092810,5,C
2811,B2092811,7,D
2812,B3092812,7,B
2813,B3092813,5,B
2814,B4092814,3,D
2815,A1092815,9,C
2816,A1092816,0,A
2817,A2092817,3,B
2818,B2092818,0,D
2819,B2092819,9,C
2820,B3092820,0,D
2821,B3092821,9,A
2822,A1092822,9,B
2823,A1092823,9,D
2824,A1092824,9,C
2825,A2092825,8,D
2826,A3092826,8,A
2827,A3092827,8,D
2828,B1092828,3,B
2829,B1092829,7,A
2830,B2092830,1,A
2831,B4092831,3,C
2832,A1092832,8,D
2833,A1092833,7,B
2834,A1092834,3,B
2835,B1092835,7,A
2836,A2092836,4,C
2837,B3092837,8,B
2838,A3092838,7,D
2839,A3092839,7,C
2840,A2092840,8,A
2841,A1092841,7,B
2842,B2092842,6,D
2843,B2092843,5,C
2844,B3092844,0,D
2845,B3092845,0,C
2846,B3092846,5,D
2847,A1092847,0,D
2848,A2092848,9,C
2849,A3092849,9,A
2850,B1092850,3,D
2851,B1092851,8,C
2852,A1092852,9,C
2853,A2092853,1,A
2854,A2092854,3,C
2855,A3092855,8,B
2856,A3092856,7,B
2857,B2092857,3,A
2858,B2092858,0,D
2859,B3092859,5,C
2860,B3092860,5,A
2861,B4092861,3,D
2862,A1092862,7,B
2863,A2092863,8,D
2864,A2092864,0,D
2865,B1092865,5,A
2866,B2092866,5,C
2867,A1092867,3,D
2868,A1092868,9,B
2869,A1092869,9,C
2870,A2092870,2,A
2871,A1092871,0,B
2872,A2092872,7,C
2873,A3092873,9,A
2874,A3092874,5,D
2875,B1092875,9,A
2876,B1092876,7,B
2877,B2092877,9,A
2878,B2092878,4,A
2879,B2092879,0,A
2880,B3092880,0,B
2881,B4092881,3,C
2882,A3092882,7,C
2883,B5092883,3,C
2884,B4092884,3,A
2885,B1092885,3,B
2886,B4092886,3,C
2887,B5092887,3,D
2888,B5092888,3,D
2889,B5092889,9,C
2890,B5092890,3,B
2891,B4092891,3,D
2892,B4092892,5,A
2893,B4092893,3,C
2894,B5092894,3,D
2895,B5092895,3,C
2896,B5092896,3,B
2897,B4092897,3,D
2898,B5092898,3,D
2899,B5092899,3,D
2900,A1092900,7,C
2901,A1092901,9,C
2902,A1092902,3,C
2903,A2092903,8,D
2904,A3092904,8,C
2905,A3092905,9,C
2906,B1092906,9,A
2907,B1092907,3,A
2908,B1092908,9,A
2909,B2092909,8,D
2910,B2092910,5,D
2911,B2092911,5,A
2912,B3092912,5,C
2913,B3092913,3,D
2914,B3092914,6,D
2915,A1092915,9,A
2916,A1092916,7,A
2917,A2092917,7,B
2918,A2092918,8,B
2919,A2092919,0,B
2920,A2092920,3,B
2921,B1092921,8,B
2922,B1092922,5,C
2923,B2092923,8,B
2924,B2092924,7,A
2925,B2092925,0,C
2926,B3092926,8,D
2927,B3092927,8,D
2928,B4092928,5,D
2929,B4092929,8,D
2930,A1092930,0,B
2931,A1092931,0,C
2932,B3092932,5,A
2933,A3092933,9,A
2934,A3092934,9,C
2935,B1092935,9,C
2936,B1092936,7,B
2937,B2092937,5,D
2938,B3092938,8,C
2939,B3092939,5,A
2940,A1092940,7,A
2941,A1092941,0,C
2942,A2092942,5,B
2943,A3092943,8,A
2944,A3092944,9,B
2945,B1092945,7,C
2946,B1092946,0,A
2947,A2092947,8,D
2948,B3092948,8,D
2949,B3092949,6,C
2950,A1092950,0,A
2951,A1092951,0,D
2952,A1092952,7,B
2953,A2092953,8,A
2954,A2092954,9,D
2955,B1092955,0,B
2956,B2092956,4,D
2957,B2092957,0,C
2958,B3092958,4,A
2959,B3092959,3,B
2960,A1092960,7,C
2961,A1092961,0,C
2962,A2092962,8,C
2963,A2092963,0,C
2964,A3092964,9,C
2965,A3092965,9,A
2966,B2092966,5,A
2967,B2092967,5,B
2968,A2092968,3,B
2969,B4092969,5,A
2970,A1092970,7,C
2971,A1092971,5,C
2972,A2092972,9,A
2973,B1092973,8,D
2974,A2092974,9,D
2975,A3092975,9,D
2976,A3092976,5,A
2977,A3092977,8,A
2978,B1092978,5,B
2979,B2092979,7,B
2980,B4092980,5,A
2981,B4092981,7,D
2982,B4092982,7,D
2983,B4092983,3,C
2984,B5092984,3,B
2985,A2092985,3,B
2986,A2092986,7,C
2987,A3092987,7,C
2988,B4092988,5,D
2989,B4092989,8,D
2990,B4092990,6,D
2991,B5092991,3,A
2992,B5092992,9,C
2993,B5092993,8,D
2994,B5092994,8,C
2995,B5092995,3,D
2996,B5092996,3,A
2997,B5092997,9,C
2998,B1092998,8,C
2999,B5092999,7,B
3000,A1093000,9,A
3001,A1093001,5,A
3002,A2093002,0,D
3003,A1093003,8,B
3004,A3093004,3,B
3005,B1093005,7,C
3006,B1093006,8,D
3007,B2093007,5,C
3008,B3093008,5,D
3009,A1093009,2,A
3010,A1093010,8,A
3011,A2093011,0,A
3012,A1093012,8,B
3013,A2093013,0,D
3014,A3093014,7,A
3015,B1093015,0,D
3016,B3093016,6,A
3017,B2093017,5,D
3018,B3093018,5,A
3019,B3093019,5,A
3020,B5093020,3,C
3021,A2093021,8,A
3022,A2093022,7,D
3023,A3093023,8,B
3024,A3093024,0,D
3025,B1093025,5,C
3026,B1093026,8,C
3027,B2093027,8,D
3028,B2093028,0,C
3029,B2093029,6,A
3030,B3093030,5,D
3031,B3093031,8,B
3032,B3093032,8,D
3033,B4093033,5,D
3034,B4093034,8,C
3035,A1093035,8,B
3036,A1093036,0,D
3037,A1093037,8,B
3038,A2093038,7,A
3039,A2093039,7,B
3040,A2093040,3,C
3041,A3093041,8,A
3042,A3093042,8,A
3043,B1093043,7,A
3044,B1093044,7,B
3045,B2093045,7,C
3046,B3093046,4,C
3047,B1093047,8,C
3048,B3093048,5,B
3049,B4093049,5,D
3050,A1093050,0,C
3051,B3093051,2,A
3052,A1093052,0,D
3053,A2093053,0,D
3054,A1093054,7,B
3055,B2093055,8,B
3056,B2093056,6,B
3057,B3093057,8,A
3058,B3093058,5,B
3059,B4093059,3,C
3060,A1093060,8,C
3061,A1093061,0,A
3062,A2093062,0,D
3063,A2093063,3,C
3064,A1093064,0,C
3065,A3093065,9,C
3066,B1093066,9,A
3067,B2093067,5,B
3068,B2093068,6,B
3069,B4093069,5,B
3070,A1093070,8,D
3071,A1093071,0,B
3072,A2093072,8,A
3073,A3093073,9,A
3074,A3093074,9,A
3075,B1093075,7,B
3076,B4093076,5,D
3077,B5093077,3,B
3078,B5093078,8,C
3079,B5093079,3,A
3080,A2093080,9,C
3081,B5093081,3,C
3082,B2093082,8,A
3083,A3093083,8,D
3084,B1093084,8,D
3085,B1093085,3,C
3086,B2093086,8,A
3087,A2093087,6,C
3088,B4093088,5,B
3089,B4093089,3,C
3090,B4093090,8,D
3091,B5093091,3,D
3092,B1093092,5,A
3093,B5093093,3,C
3094,B5093094,5,D
3095,B5093095,3,B
3096,B3093096,8,A
3097,B5093097,3,D
3098,B5093098,5,C
3099,B5093099,5,A
3100,A1093100,8,C
3101,A1093101,0,B
3102,B3093102,8,A
3103,A2093103,5,D
3104,B3093104,8,C
3105,A1093105,8,B
3106,A2093106,9,B
3107,A1093107,8,D
3108,A2093108,3,C
3109,A2093109,8,D
3110,A2093110,9,A
3111,A3093111,2,A
3112,B1093112,3,B
3113,B1093113,5,C
3114,B2093114,5,D
3115,B2093115,5,D
3116,B2093116,3,A
3117,B3093117,8,C
3118,B3093118,7,A
3119,B3093119,0,C
3120,A1093120,9,A
3121,A2093121,9,D
3122,A1093122,9,B
3123,A2093123,7,D
3124,A2093124,6,C
3125,A2093125,8,B
3126,A3093126,3,C
3127,B1093127,4,A
3128,B1093128,7,C
3129,B2093129,8,A
3130,B2093130,9,D
3131,A1093131,8,A
3132,B3093132,8,C
3133,B4093133,8,D
3134,B4093134,3,D
3135,A1093135,8,C
3136,A1093136,9,A
3137,A2093137,9,B
3138,A2093138,0,D
3139,A3093139,8,C
3140,A3093140,7,C
3141,B1093141,8,C
3142,B1093142,8,C
3143,B1093143,5,A
3144,B3093144,8,B
3145,A1093145,6,C
3146,A1093146,9,B
3147,A3093147,7,A
3148,B1093148,0,B
3149,B2093149,8,A
3150,A1093150,5,A
3151,A1093151,1,D
3152,A2093152,7,B
3153,A2093153,9,B
3154,A3093154,7,A
3155,A3093155,7,C
3156,B1093156,8,A
3157,B1093157,5,B
3158,B1093158,8,B
3159,B2093159,9,D
3160,A1093160,7,A
3161,B1093161,5,A
3162,B2093162,8,C
3163,B3093163,9,C
3164,B4093164,9,B
3165,A2093165,7,C
3166,A2093166,3,A
3167,A2093167,5,B
3168,A3093168,7,C
3169,A3093169,8,D
3170,A3093170,4,D
3171,B2093171,8,B
3172,B2093172,0,A
3173,B2093173,5,A
3174,B2093174,8,B
3175,B3093175,7,D
3176,B3093176,8,B
3177,B3093177,9,C
3178,B3093178,2,B
3179,B4093179,3,A
3180,A1093180,7,B
3181,A2093181,0,D
3182,A3093182,9,B
3183,A3093183,9,B
3184,B4093184,3,D
3185,B4093185,3,C
3186,B4093186,3,A
3187,B4093187,3,D
3188,B5093188,3,D
3189,B4093189,3,D
3190,B5093190,3,B
3191,B5093191,9,B
3192,B5093192,3,C
3193,B5093193,3,A
3194,B4093194,3,D
3195,B5093195,3,B
3196,B5093196,3,D
3197,B5093197,5,D
3198,B5093198,5,B
3199,B5093199,3,A
3200,A1093200,9,C
3201,A2093201,8,A
3202,A1093202,5,D
3203,A2093203,9,D
3204,A2093204,5,A
3205,A2093205,3,B
3206,A3093206,8,C
3207,B1093207,0,C
3208,B1093208,7,D
3209,B2093209,0,A
3210,B2093210,7,B
3211,A1093211,9,D
3212,A1093212,9,D
3213,B3093213,3,C
3214,A2093214,7,B
3215,A3093215,1,B
3216,B1093216,7,B
3217,B2093217,5,D
3218,B3093218,6,C
3219,B3093219,0,D
3220,A2093220,9,D
3221,A1093221,7,B
3222,A1093222,0,B
3223,A2093223,3,B
3224,A2093224,5,D
3225,B2093225,3,C
3226,A3093226,8,C
3227,B1093227,0,D
3228,B1093228,8,A
3229,B2093229,8,B
3230,B2093230,5,D
3231,A1093231,7,B
3232,A1093232,7,A
3233,A1093233,5,D
3234,A2093234,5,B
3235,A2093235,5,B
3236,A2093236,2,D
3237,A3093237,5,B
3238,B1093238,3,C
3239,A3093239,3,C
3240,B3093240,5,C
3241,B2093241,9,B
3242,B2093242,7,D
3243,B3093243,5,D
3244,B1093244,5,A
3245,B3093245,5,B
3246,A1093246,6,A
3247,A1093247,7,A
3248,A1093248,7,C
3249,A1093249,0,A
3250,A2093250,8,D
3251,A1093251,9,D
3252,A3093252,8,C
3253,B1093253,7,B
3254,B1093254,9,C
3255,B2093255,8,C
3256,A1093256,9,C
3257,A2093257,9,A
3258,A1093258,3,A
3259,A2093259,7,A
3260,A3093260,9,C
3261,A3093261,9,C
3262,A3093262,9,A
3263,B2093263,4,B
3264,B2093264,5,C
3265,B3093265,8,A
3266,A2093266,5,A
3267,A3093267,8,D
3268,A3093268,7,B
3269,A3093269,8,A
3270,A3093270,0,B
3271,B1093271,2,B
3272,B1093272,3,C
3273,B2093273,0,B
3274,B2093274,9,C
3275,B3093275,8,D
3276,B3093276,8,B
3277,B3093277,6,D
3278,B3093278,5,B
3279,B5093279,5,D
3280,B4093280,3,D
3281,B4093281,3,D
3282,B4093282,3,A
3283,B4093283,3,D
3284,B4093284,3,D
3285,B4093285,5,C
3286,B4093286,5,C
3287,B4093287,5,C
3288,B4093288,3,B
3289,B4093289,5,A
3290,B5093290,3,A
3291,B5093291,3,B
3292,B5093292,3,A
3293,B5093293,3,C
3294,B5093294,3,B
3295,B1093295,3,A
3296,B5093296,3,A
3297,B5093297,3,B
3298,B5093298,5,D
3299,B5093299,3,A
3300,A1093300,5,C
3301,A1093301,9,C
3302,A1093302,0,A
3303,A1093303,0,D
3304,A2093304,9,D
3305,A2093305,6,C
3306,A3093306,9,D
3307,B3093307,8,A
3308,B2093308,3,D
3309,B3093309,8,D
3310,A1093310,7,B
3311,A1093311,2,B
3312,A1093312,9,C
3313,A2093313,7,B
3314,A2093314,3,B
3315,A2093315,7,C
3316,A3093316,2,A
3317,A3093317,0,A
3318,B1093318,8,D
3319,B1093319,9,C
3320,B1093320,3,A
3321,B2093321,9,C
3322,B5093322,3,B
3323,B2093323,8,D
3324,B3093324,6,B
3325,A1093325,7,D
3326,A1093326,9,A
3327,A1093327,2,B
3328,B1093328,8,A
3329,B1093329,3,D
3330,B1093330,3,D
3331,B2093331,6,B
3332,B2093332,9,B
3333,B3093333,5,D
3334,B3093334,7,A
3335,A1093335,7,B
3336,A1093336,7,A
3337,A3093337,8,C
3338,A2093338,5,B
3339,A2093339,5,A
3340,A3093340,0,C
3341,B1093341,8,C
3342,B2093342,0,A
3343,B5093343,5,D
3344,B3093344,8,D
3345,A1093345,7,C
3346,A1093346,8,B
3347,A2093347,8,A
3348,A2093348,0,A
3349,A3093349,7,C
3350,A3093350,7,A
3351,B1093351,8,C
3352,B2093352,5,B
3353,B2093353,3,D
3354,B2093354,5,C
3355,A2093355,9,C
3356,A1093356,7,D
3357,A2093357,7,B
3358,A2093358,9,A
3359,A2093359,3,D
3360,B1093360,7,B
3361,B1093361,3,D
3362,B2093362,8,A
3363,B3093363,8,C
3364,B3093364,5,D
3365,A2093365,8,B
3366,A2093366,3,B
3367,A3093367,3,C
3368,A3093368,7,C
3369,A3093369,3,B
3370,B1093370,5,B
3371,B2093371,6,B
3372,B2093372,3,D
3373,B3093373,9,C
3374,B2093374,3,B
3375,A2093375,0,A
3376,A3093376,9,C
3377,A3093377,9,D
3378,A3093378,7,D
3379,B3093379,5,B
3380,B4093380,5,D
3381,B1093381,5,A
3382,B4093382,3,A
3383,B4093383,3,B
3384,B4093384,3,A
3385,B4093385,5,B
3386,B4093386,5,B
3387,B4093387,3,C
3388,B4093388,3,D
3389,B4093389,5,A
3390,B5093390,3,A
3391,B5093391,3,B
3392,B5093392,3,D
3393,B5093393,5,C
3394,B5093394,3,B
3395,B5093395,5,B
3396,B5093396,3,B
3397,B5093397,5,C
3398,B5093398,3,A
3399,B5093399,3,D
3400,A1093400,9,D
3401,A1093401,5,C
3402,A1093402,0,B
3403,A2093403,8,C
3404,A2093404,7,C
3405,A2093405,5,B
3406,A3093406,5,B
3407,B1093407,7,D
3408,B2093408,5,C
3409,B3093409,5,B
3410,A2093410,8,D
3411,B1093411,3,B
3412,A1093412,3,C
3413,A1093413,2,B
3414,A2093414,3,C
3415,A2093415,7,D
3416,A2093416,8,C
3417,B1093417,3,A
3418,B1093418,5,B
3419,B1093419,5,A
3420,B3093420,5,B
3421,B3093421,2,B
3422,A1093422,3,B
3423,A1093423,9,B
3424,B2093424,9,B
3425,A2093425,5,B
3426,A2093426,8,C
3427,A3093427,8,A
3428,A3093428,8,C
3429,B1093429,8,D
3430,B4093430,3,D
3431,B3093431,6,D
3432,A1093432,9,C
3433,A2093433,3,D
3434,A2093434,9,D
3435,B1093435,8,C
3436,A3093436,8,B
3437,A3093437,8,A
3438,B1093438,5,B
3439,B1093439,3,B
3440,B3093440,6,A
3441,B3093441,8,B
3442,A1093442,3,B
3443,A1093443,5,A
3444,A1093444,3,B
3445,A1093445,3,B
3446,A2093446,3,C
3447,A3093447,7,D
3448,B1093448,8,A
3449,B1093449,9,D
3450,B1093450,5,D
3451,B2093451,3,A
3452,A1093452,8,B
3453,A1093453,5,C
3454,A2093454,5,B
3455,A2093455,7,C
3456,A3093456,7,D
3457,A3093457,8,B
3458,A3093458,1,A
3459,B2093459,8,A
3460,B2093460,5,D
3461,B3093461,6,A
3462,A2093462,3,C
3463,A2093463,0,D
3464,A2093464,8,A
3465,A3093465,0,C
3466,A2093466,3,A
3467,A3093467,3,A
3468,B2093468,0,A
3469,B2093469,6,C
3470,B2093470,0,C
3471,B3093471,8,A
3472,A3093472,3,A
3473,B2093473,0,C
3474,B2093474,8,A
3475,B2093475,8,D
3476,B3093476,9,A
3477,B2093477,7,C
3478,B3093478,8,A
3479,B3093479,7,A
3480,B4093480,5,A
3481,B4093481,5,D
3482,B4093482,8,D
3483,B4093483,3,A
3484,B4093484,3,D
3485,B4093485,5,D
3486,B5093486,3,A
3487,B4093487,3,A
3488,B3093488,5,D
3489,B4093489,3,B
3490,B5093490,3,C
3491,B5093491,3,A
3492,B5093492,3,B
3493,B5093493,3,D
3494,B5093494,5,D
3495,B5093495,3,A
3496,B5093496,3,D
3497,B5093497,3,A
3498,B5093498,3,B
3499,B5093499,5,D
